"","Overall"
"arabidopsis_AC_AC.d.1.BHAR880101",0
"arabidopsis_AC_AC.d.1.BIGC670101",0
"arabidopsis_AC_AC.d.1.CHAM820102",0
"arabidopsis_AC_AC.d.1.CIDH920105",0
"arabidopsis_AC_AC.d.1.GRAR740102",0
"arabidopsis_AC_AC.d.1.KLEP840101",0
"arabidopsis_AC_AC.d.1.KUHL950101",0
"arabidopsis_AC_AC.d.10.BHAR880101",0
"arabidopsis_AC_AC.d.10.BIGC670101",0
"arabidopsis_AC_AC.d.10.CHAM820102",0
"arabidopsis_AC_AC.d.10.CHOC760101",0
"arabidopsis_AC_AC.d.10.CIDH920105",0
"arabidopsis_AC_AC.d.10.GRAR740102",0
"arabidopsis_AC_AC.d.10.KLEP840101",0
"arabidopsis_AC_AC.d.10.KUHL950101",0
"arabidopsis_AC_AC.d.11.BHAR880101",0
"arabidopsis_AC_AC.d.11.BIGC670101",0
"arabidopsis_AC_AC.d.11.CHAM820102",0
"arabidopsis_AC_AC.d.11.CIDH920105",0
"arabidopsis_AC_AC.d.11.GRAR740102",0
"arabidopsis_AC_AC.d.11.KLEP840101",0
"arabidopsis_AC_AC.d.11.KUHL950101",0
"arabidopsis_AC_AC.d.12.BHAR880101",0
"arabidopsis_AC_AC.d.12.BIGC670101",0
"arabidopsis_AC_AC.d.12.CHAM820102",0
"arabidopsis_AC_AC.d.12.CIDH920105",0
"arabidopsis_AC_AC.d.12.GRAR740102",0
"arabidopsis_AC_AC.d.12.KLEP840101",0
"arabidopsis_AC_AC.d.13.BHAR880101",0
"arabidopsis_AC_AC.d.13.BIGC670101",0
"arabidopsis_AC_AC.d.13.CHAM820102",0
"arabidopsis_AC_AC.d.13.CHOC760101",0
"arabidopsis_AC_AC.d.13.CIDH920105",0
"arabidopsis_AC_AC.d.13.GRAR740102",0
"arabidopsis_AC_AC.d.13.KLEP840101",0
"arabidopsis_AC_AC.d.13.KUHL950101",0
"arabidopsis_AC_AC.d.14.BHAR880101",0
"arabidopsis_AC_AC.d.14.BIGC670101",0
"arabidopsis_AC_AC.d.14.CHAM820102",0
"arabidopsis_AC_AC.d.14.CIDH920105",0
"arabidopsis_AC_AC.d.14.GRAR740102",0
"arabidopsis_AC_AC.d.14.KLEP840101",0
"arabidopsis_AC_AC.d.14.KUHL950101",0
"arabidopsis_AC_AC.d.15.BHAR880101",0
"arabidopsis_AC_AC.d.15.BIGC670101",0
"arabidopsis_AC_AC.d.15.CHAM820102",0
"arabidopsis_AC_AC.d.15.CIDH920105",0
"arabidopsis_AC_AC.d.15.GRAR740102",0.947356285927641
"arabidopsis_AC_AC.d.15.KLEP840101",1.62864505991537
"arabidopsis_AC_AC.d.15.KUHL950101",0
"arabidopsis_AC_AC.d.16.BHAR880101",0
"arabidopsis_AC_AC.d.16.BIGC670101",0
"arabidopsis_AC_AC.d.16.CHAM820102",0
"arabidopsis_AC_AC.d.16.CIDH920105",0
"arabidopsis_AC_AC.d.16.GRAR740102",0
"arabidopsis_AC_AC.d.16.KLEP840101",0
"arabidopsis_AC_AC.d.16.KUHL950101",0
"arabidopsis_AC_AC.d.17.BHAR880101",0
"arabidopsis_AC_AC.d.17.BIGC670101",0
"arabidopsis_AC_AC.d.17.CHAM820102",0
"arabidopsis_AC_AC.d.17.CHOC760101",0
"arabidopsis_AC_AC.d.17.CIDH920105",0
"arabidopsis_AC_AC.d.17.GRAR740102",0
"arabidopsis_AC_AC.d.17.KLEP840101",0
"arabidopsis_AC_AC.d.17.KUHL950101",0
"arabidopsis_AC_AC.d.18.BHAR880101",0
"arabidopsis_AC_AC.d.18.BIGC670101",0
"arabidopsis_AC_AC.d.18.CHAM820102",0
"arabidopsis_AC_AC.d.18.CHOC760101",0
"arabidopsis_AC_AC.d.18.CIDH920105",0
"arabidopsis_AC_AC.d.18.GRAR740102",0
"arabidopsis_AC_AC.d.18.KLEP840101",0
"arabidopsis_AC_AC.d.18.KUHL950101",0
"arabidopsis_AC_AC.d.19.BHAR880101",0
"arabidopsis_AC_AC.d.19.BIGC670101",0
"arabidopsis_AC_AC.d.19.CHAM820102",0
"arabidopsis_AC_AC.d.19.CHOC760101",0
"arabidopsis_AC_AC.d.19.CIDH920105",0
"arabidopsis_AC_AC.d.19.GRAR740102",1.04967097875459
"arabidopsis_AC_AC.d.19.KLEP840101",0
"arabidopsis_AC_AC.d.19.KUHL950101",0
"arabidopsis_AC_AC.d.2.BHAR880101",0
"arabidopsis_AC_AC.d.2.BIGC670101",0
"arabidopsis_AC_AC.d.2.CHAM820102",0
"arabidopsis_AC_AC.d.2.CIDH920105",0
"arabidopsis_AC_AC.d.2.GRAR740102",0
"arabidopsis_AC_AC.d.2.KLEP840101",0
"arabidopsis_AC_AC.d.2.KUHL950101",0
"arabidopsis_AC_AC.d.20.BHAR880101",0
"arabidopsis_AC_AC.d.20.BIGC670101",0
"arabidopsis_AC_AC.d.20.CHAM820101",2.07052952712717
"arabidopsis_AC_AC.d.20.CHAM820102",0
"arabidopsis_AC_AC.d.20.CHOC760101",0
"arabidopsis_AC_AC.d.20.CIDH920105",0
"arabidopsis_AC_AC.d.20.GRAR740102",0
"arabidopsis_AC_AC.d.20.KLEP840101",0
"arabidopsis_AC_AC.d.20.KUHL950101",0
"arabidopsis_AC_AC.d.21.BHAR880101",0
"arabidopsis_AC_AC.d.21.BIGC670101",0
"arabidopsis_AC_AC.d.21.CHAM820101",0
"arabidopsis_AC_AC.d.21.CHAM820102",0
"arabidopsis_AC_AC.d.21.CHOC760101",0
"arabidopsis_AC_AC.d.21.CIDH920105",0
"arabidopsis_AC_AC.d.21.GRAR740102",0
"arabidopsis_AC_AC.d.21.KLEP840101",0
"arabidopsis_AC_AC.d.21.KUHL950101",0
"arabidopsis_AC_AC.d.22.BHAR880101",0
"arabidopsis_AC_AC.d.22.BIGC670101",0
"arabidopsis_AC_AC.d.22.CHAM820102",0
"arabidopsis_AC_AC.d.22.CHOC760101",0
"arabidopsis_AC_AC.d.22.CIDH920105",0
"arabidopsis_AC_AC.d.22.GRAR740102",0
"arabidopsis_AC_AC.d.22.KLEP840101",0
"arabidopsis_AC_AC.d.22.KUHL950101",0
"arabidopsis_AC_AC.d.23.BHAR880101",0
"arabidopsis_AC_AC.d.23.BIGC670101",0
"arabidopsis_AC_AC.d.23.CHAM820102",0
"arabidopsis_AC_AC.d.23.CHOC760101",0
"arabidopsis_AC_AC.d.23.CIDH920105",0
"arabidopsis_AC_AC.d.23.GRAR740102",1.48311274452212
"arabidopsis_AC_AC.d.23.KLEP840101",0
"arabidopsis_AC_AC.d.23.KUHL950101",0
"arabidopsis_AC_AC.d.24.BHAR880101",0
"arabidopsis_AC_AC.d.24.BIGC670101",0
"arabidopsis_AC_AC.d.24.CHAM820102",0
"arabidopsis_AC_AC.d.24.CIDH920105",0
"arabidopsis_AC_AC.d.24.GRAR740102",0
"arabidopsis_AC_AC.d.24.KLEP840101",0
"arabidopsis_AC_AC.d.24.KUHL950101",0
"arabidopsis_AC_AC.d.25.BHAR880101",0.673675581104101
"arabidopsis_AC_AC.d.25.BIGC670101",0
"arabidopsis_AC_AC.d.25.CHAM820102",0
"arabidopsis_AC_AC.d.25.CHOC760101",0
"arabidopsis_AC_AC.d.25.CIDH920105",0
"arabidopsis_AC_AC.d.25.GRAR740102",0
"arabidopsis_AC_AC.d.25.KLEP840101",0
"arabidopsis_AC_AC.d.25.KUHL950101",0
"arabidopsis_AC_AC.d.26.BHAR880101",0
"arabidopsis_AC_AC.d.26.BIGC670101",0
"arabidopsis_AC_AC.d.26.CHAM820102",0
"arabidopsis_AC_AC.d.26.CIDH920105",0
"arabidopsis_AC_AC.d.26.GRAR740102",0
"arabidopsis_AC_AC.d.26.KLEP840101",0
"arabidopsis_AC_AC.d.26.KUHL950101",0
"arabidopsis_AC_AC.d.27.BHAR880101",0
"arabidopsis_AC_AC.d.27.BIGC670101",0
"arabidopsis_AC_AC.d.27.CHAM820102",0
"arabidopsis_AC_AC.d.27.CHOC760101",0
"arabidopsis_AC_AC.d.27.GRAR740102",0
"arabidopsis_AC_AC.d.27.KLEP840101",0
"arabidopsis_AC_AC.d.27.KUHL950101",0
"arabidopsis_AC_AC.d.28.BHAR880101",0
"arabidopsis_AC_AC.d.28.BIGC670101",0
"arabidopsis_AC_AC.d.28.CHAM820102",0
"arabidopsis_AC_AC.d.28.CIDH920105",4.8991581494463
"arabidopsis_AC_AC.d.28.GRAR740102",0
"arabidopsis_AC_AC.d.28.KLEP840101",0
"arabidopsis_AC_AC.d.28.KUHL950101",1.14890633575875
"arabidopsis_AC_AC.d.29.BHAR880101",0
"arabidopsis_AC_AC.d.29.BIGC670101",0
"arabidopsis_AC_AC.d.29.CHAM820102",0
"arabidopsis_AC_AC.d.29.CHOC760101",0
"arabidopsis_AC_AC.d.29.CIDH920105",0
"arabidopsis_AC_AC.d.29.GRAR740102",0
"arabidopsis_AC_AC.d.29.KLEP840101",0
"arabidopsis_AC_AC.d.29.KUHL950101",0
"arabidopsis_AC_AC.d.3.BHAR880101",0
"arabidopsis_AC_AC.d.3.BIGC670101",0
"arabidopsis_AC_AC.d.3.CHAM820102",0
"arabidopsis_AC_AC.d.3.CIDH920105",0
"arabidopsis_AC_AC.d.3.GRAR740102",0
"arabidopsis_AC_AC.d.3.KLEP840101",0
"arabidopsis_AC_AC.d.3.KUHL950101",0
"arabidopsis_AC_AC.d.30.BHAR880101",0
"arabidopsis_AC_AC.d.30.BIGC670101",0
"arabidopsis_AC_AC.d.30.CHAM820102",1.18939996910385
"arabidopsis_AC_AC.d.30.CIDH920105",0
"arabidopsis_AC_AC.d.30.GRAR740102",0
"arabidopsis_AC_AC.d.30.KLEP840101",0
"arabidopsis_AC_AC.d.30.KUHL950101",0
"arabidopsis_AC_AC.d.4.BHAR880101",0
"arabidopsis_AC_AC.d.4.BIGC670101",0
"arabidopsis_AC_AC.d.4.CHAM820102",0
"arabidopsis_AC_AC.d.4.CIDH920105",0
"arabidopsis_AC_AC.d.4.GRAR740102",0
"arabidopsis_AC_AC.d.4.KLEP840101",0
"arabidopsis_AC_AC.d.4.KUHL950101",0
"arabidopsis_AC_AC.d.5.BHAR880101",0
"arabidopsis_AC_AC.d.5.BIGC670101",0
"arabidopsis_AC_AC.d.5.CHAM820102",0
"arabidopsis_AC_AC.d.5.CIDH920105",0
"arabidopsis_AC_AC.d.5.GRAR740102",0
"arabidopsis_AC_AC.d.5.KLEP840101",0
"arabidopsis_AC_AC.d.5.KUHL950101",0
"arabidopsis_AC_AC.d.6.BHAR880101",0
"arabidopsis_AC_AC.d.6.BIGC670101",0
"arabidopsis_AC_AC.d.6.CHAM820102",0
"arabidopsis_AC_AC.d.6.CIDH920105",0
"arabidopsis_AC_AC.d.6.GRAR740102",0
"arabidopsis_AC_AC.d.6.KLEP840101",0
"arabidopsis_AC_AC.d.6.KUHL950101",0
"arabidopsis_AC_AC.d.7.BHAR880101",0
"arabidopsis_AC_AC.d.7.BIGC670101",0
"arabidopsis_AC_AC.d.7.CHAM820102",0
"arabidopsis_AC_AC.d.7.CIDH920105",0
"arabidopsis_AC_AC.d.7.GRAR740102",0
"arabidopsis_AC_AC.d.7.KLEP840101",0.114425778849299
"arabidopsis_AC_AC.d.7.KUHL950101",0
"arabidopsis_AC_AC.d.8.BHAR880101",0
"arabidopsis_AC_AC.d.8.BIGC670101",0
"arabidopsis_AC_AC.d.8.CHAM820102",0
"arabidopsis_AC_AC.d.8.CHOC760101",0
"arabidopsis_AC_AC.d.8.CIDH920105",0
"arabidopsis_AC_AC.d.8.GRAR740102",0
"arabidopsis_AC_AC.d.8.KLEP840101",0
"arabidopsis_AC_AC.d.8.KUHL950101",0
"arabidopsis_AC_AC.d.9.BHAR880101",0
"arabidopsis_AC_AC.d.9.BIGC670101",0
"arabidopsis_AC_AC.d.9.CHAM820101",0
"arabidopsis_AC_AC.d.9.CHAM820102",0
"arabidopsis_AC_AC.d.9.CIDH920105",0
"arabidopsis_AC_AC.d.9.GRAR740102",0
"arabidopsis_AC_AC.d.9.KLEP840101",0
"arabidopsis_AC_AC.d.9.KUHL950101",0
"arabidopsis_CTD_D.P1.G2.50..",0
"arabidopsis_CTD_D.P1.G3.25..",0
"arabidopsis_CTD_D.P2.G1.50..",0
"arabidopsis_CTD_D.P2.G1.75..",0
"arabidopsis_CTD_D.P2.G2.100..",0
"arabidopsis_CTD_D.P2.G2.25..",1.76006078132478
"arabidopsis_CTD_D.P2.G2.50..",0
"arabidopsis_CTD_D.P2.G2.75..",0
"arabidopsis_CTD_D.P3.G1.100..",0
"arabidopsis_CTD_D.P3.G1.25..",0
"arabidopsis_CTD_D.P3.G1.50..",0
"arabidopsis_CTD_D.P3.G1.75..",0
"arabidopsis_CTD_D.P3.G2.100..",0
"arabidopsis_CTD_D.P3.G2.25..",0
"arabidopsis_CTD_D.P3.G2.50..",0
"arabidopsis_CTD_D.P3.G2.75..",0
"arabidopsis_CTD_D.P3.G2.First.",0
"arabidopsis_CTD_D.P4.G1.100..",0
"arabidopsis_CTD_D.P4.G1.25..",0
"arabidopsis_CTD_D.P4.G1.50..",0
"arabidopsis_CTD_D.P4.G1.75..",0
"arabidopsis_CTD_D.P4.G1.First.",0
"arabidopsis_CTD_D.P4.G2.100..",0
"arabidopsis_CTD_D.P4.G2.25..",0
"arabidopsis_CTD_D.P4.G2.50..",0
"arabidopsis_CTD_D.P4.G2.75..",0
"arabidopsis_CTD_D.P4.G2.First.",0
"arabidopsis_CTD_D.P4.G3.100..",0
"arabidopsis_CTD_D.P4.G3.25..",0.956345995473172
"arabidopsis_CTD_D.P4.G3.50..",0.967340839157948
"arabidopsis_CTD_D.P4.G3.75..",0
"arabidopsis_CTD_D.P5.G1.100..",0
"arabidopsis_CTD_D.P5.G1.25..",0
"arabidopsis_CTD_D.P5.G1.50..",0
"arabidopsis_CTD_D.P5.G1.75..",0
"arabidopsis_CTD_D.P5.G1.First.",0
"arabidopsis_CTD_D.P5.G2.100..",0
"arabidopsis_CTD_D.P5.G2.25..",0
"arabidopsis_CTD_D.P5.G2.50..",0
"arabidopsis_CTD_D.P5.G2.75..",0
"arabidopsis_CTD_D.P5.G3.100..",0
"arabidopsis_CTD_D.P5.G3.25..",0
"arabidopsis_CTD_D.P5.G3.50..",0
"arabidopsis_CTD_D.P5.G3.75..",0
"arabidopsis_CTD_D.P5.G3.First.",0
"arabidopsis_CTD_D.P6.G1.25..",0
"arabidopsis_CTD_D.P6.G1.50..",0
"arabidopsis_CTD_D.P6.G1.75..",0
"arabidopsis_CTD_D.P6.G2.100..",0
"arabidopsis_CTD_D.P6.G2.25..",0
"arabidopsis_CTD_D.P6.G2.50..",0
"arabidopsis_CTD_D.P6.G2.75..",0
"arabidopsis_CTD_D.P6.G2.First.",0
"arabidopsis_CTD_D.P6.G3.100..",0
"arabidopsis_CTD_D.P6.G3.25..",0
"arabidopsis_CTD_D.P6.G3.50..",0
"arabidopsis_CTD_D.P6.G3.75..",0
"arabidopsis_CTD_D.P6.G3.First.",0
"arabidopsis_CTD_D.P7.G1.100..",0
"arabidopsis_CTD_D.P7.G1.25..",0
"arabidopsis_CTD_D.P7.G1.50..",0
"arabidopsis_CTD_D.P7.G1.75..",0
"arabidopsis_CTD_D.P7.G1.First.",0
"arabidopsis_CTD_D.P7.G2.100..",0
"arabidopsis_CTD_D.P7.G2.25..",0
"arabidopsis_CTD_D.P7.G2.50..",0
"arabidopsis_CTD_D.P7.G2.75..",0
"arabidopsis_CTD_D.P7.G2.First.",0
"arabidopsis_CTD_D.P7.G3.100..",0
"arabidopsis_CTD_D.P7.G3.25..",0
"arabidopsis_CTD_D.P7.G3.50..",0
"arabidopsis_CTD_D.P7.G3.75..",0
"arabidopsis_CTD_D.P7.G3.First.",0
"arabidopsis_CTD_T.P5.1.3..",0
"arabidopsis_CTD_T.P7.1.2..",0
"arabidopsis_CTD_T.P7.2.3..",0
"arabidopsis_CTRI_111",0
"arabidopsis_CTRI_112",0
"arabidopsis_CTRI_113",0
"arabidopsis_CTRI_114",0
"arabidopsis_CTRI_115",0
"arabidopsis_CTRI_116",0
"arabidopsis_CTRI_117",0
"arabidopsis_CTRI_121",0
"arabidopsis_CTRI_122",0
"arabidopsis_CTRI_123",0
"arabidopsis_CTRI_124",0
"arabidopsis_CTRI_125",0
"arabidopsis_CTRI_126",0
"arabidopsis_CTRI_127",0
"arabidopsis_CTRI_131",0
"arabidopsis_CTRI_132",0
"arabidopsis_CTRI_133",0
"arabidopsis_CTRI_134",0
"arabidopsis_CTRI_135",0
"arabidopsis_CTRI_136",0
"arabidopsis_CTRI_137",0
"arabidopsis_CTRI_141",0
"arabidopsis_CTRI_142",0
"arabidopsis_CTRI_143",0
"arabidopsis_CTRI_144",0
"arabidopsis_CTRI_145",0
"arabidopsis_CTRI_146",0
"arabidopsis_CTRI_147",0
"arabidopsis_CTRI_151",0
"arabidopsis_CTRI_152",0
"arabidopsis_CTRI_153",0
"arabidopsis_CTRI_154",0
"arabidopsis_CTRI_155",0
"arabidopsis_CTRI_156",0
"arabidopsis_CTRI_157",0
"arabidopsis_CTRI_161",0
"arabidopsis_CTRI_162",0
"arabidopsis_CTRI_163",0
"arabidopsis_CTRI_164",0
"arabidopsis_CTRI_165",0
"arabidopsis_CTRI_166",0
"arabidopsis_CTRI_167",0
"arabidopsis_CTRI_171",0
"arabidopsis_CTRI_172",0
"arabidopsis_CTRI_173",0
"arabidopsis_CTRI_174",0
"arabidopsis_CTRI_175",0
"arabidopsis_CTRI_176",0
"arabidopsis_CTRI_177",0
"arabidopsis_CTRI_211",0
"arabidopsis_CTRI_212",0
"arabidopsis_CTRI_213",0
"arabidopsis_CTRI_214",0
"arabidopsis_CTRI_215",0
"arabidopsis_CTRI_216",0
"arabidopsis_CTRI_217",0
"arabidopsis_CTRI_221",0
"arabidopsis_CTRI_222",0
"arabidopsis_CTRI_223",0
"arabidopsis_CTRI_224",0
"arabidopsis_CTRI_225",0
"arabidopsis_CTRI_226",0
"arabidopsis_CTRI_227",0
"arabidopsis_CTRI_231",0
"arabidopsis_CTRI_232",0
"arabidopsis_CTRI_233",0
"arabidopsis_CTRI_234",0
"arabidopsis_CTRI_235",0
"arabidopsis_CTRI_236",0
"arabidopsis_CTRI_237",0
"arabidopsis_CTRI_241",0
"arabidopsis_CTRI_242",0
"arabidopsis_CTRI_243",0
"arabidopsis_CTRI_244",0
"arabidopsis_CTRI_245",0
"arabidopsis_CTRI_246",0
"arabidopsis_CTRI_247",0
"arabidopsis_CTRI_251",0
"arabidopsis_CTRI_252",0
"arabidopsis_CTRI_253",0
"arabidopsis_CTRI_254",0
"arabidopsis_CTRI_255",0
"arabidopsis_CTRI_256",0
"arabidopsis_CTRI_257",0
"arabidopsis_CTRI_261",0
"arabidopsis_CTRI_262",0
"arabidopsis_CTRI_263",0
"arabidopsis_CTRI_264",0
"arabidopsis_CTRI_265",0
"arabidopsis_CTRI_266",0
"arabidopsis_CTRI_267",0
"arabidopsis_CTRI_271",0
"arabidopsis_CTRI_272",0
"arabidopsis_CTRI_273",0
"arabidopsis_CTRI_274",0
"arabidopsis_CTRI_275",0
"arabidopsis_CTRI_277",0
"arabidopsis_CTRI_311",0
"arabidopsis_CTRI_312",0
"arabidopsis_CTRI_313",0
"arabidopsis_CTRI_314",0
"arabidopsis_CTRI_315",0
"arabidopsis_CTRI_316",0
"arabidopsis_CTRI_317",0
"arabidopsis_CTRI_321",0
"arabidopsis_CTRI_322",0
"arabidopsis_CTRI_323",0
"arabidopsis_CTRI_324",0
"arabidopsis_CTRI_325",0
"arabidopsis_CTRI_326",0
"arabidopsis_CTRI_331",0
"arabidopsis_CTRI_332",0
"arabidopsis_CTRI_333",0
"arabidopsis_CTRI_334",0
"arabidopsis_CTRI_335",0
"arabidopsis_CTRI_336",0
"arabidopsis_CTRI_337",0
"arabidopsis_CTRI_341",0
"arabidopsis_CTRI_342",0
"arabidopsis_CTRI_343",0
"arabidopsis_CTRI_344",0
"arabidopsis_CTRI_345",0
"arabidopsis_CTRI_346",0
"arabidopsis_CTRI_347",0
"arabidopsis_CTRI_351",0
"arabidopsis_CTRI_352",0
"arabidopsis_CTRI_353",0
"arabidopsis_CTRI_354",0
"arabidopsis_CTRI_355",0
"arabidopsis_CTRI_356",0
"arabidopsis_CTRI_361",0
"arabidopsis_CTRI_362",0
"arabidopsis_CTRI_363",0
"arabidopsis_CTRI_364",0
"arabidopsis_CTRI_365",0
"arabidopsis_CTRI_366",0
"arabidopsis_CTRI_367",0
"arabidopsis_CTRI_371",0
"arabidopsis_CTRI_372",0
"arabidopsis_CTRI_373",0
"arabidopsis_CTRI_374",0
"arabidopsis_CTRI_375",0
"arabidopsis_CTRI_376",0
"arabidopsis_CTRI_377",0
"arabidopsis_CTRI_411",0
"arabidopsis_CTRI_412",0
"arabidopsis_CTRI_413",0.921178388313775
"arabidopsis_CTRI_414",0
"arabidopsis_CTRI_415",0
"arabidopsis_CTRI_416",0
"arabidopsis_CTRI_417",0
"arabidopsis_CTRI_421",0
"arabidopsis_CTRI_422",0
"arabidopsis_CTRI_423",0
"arabidopsis_CTRI_424",0
"arabidopsis_CTRI_425",0
"arabidopsis_CTRI_426",0
"arabidopsis_CTRI_427",0
"arabidopsis_CTRI_431",0
"arabidopsis_CTRI_432",0
"arabidopsis_CTRI_433",0
"arabidopsis_CTRI_434",0
"arabidopsis_CTRI_435",0
"arabidopsis_CTRI_436",0
"arabidopsis_CTRI_437",0
"arabidopsis_CTRI_441",0
"arabidopsis_CTRI_442",0
"arabidopsis_CTRI_443",0
"arabidopsis_CTRI_444",0
"arabidopsis_CTRI_445",0
"arabidopsis_CTRI_446",0
"arabidopsis_CTRI_451",0
"arabidopsis_CTRI_452",1.17099964474925
"arabidopsis_CTRI_453",0
"arabidopsis_CTRI_454",0
"arabidopsis_CTRI_455",0
"arabidopsis_CTRI_456",0
"arabidopsis_CTRI_457",0
"arabidopsis_CTRI_461",0
"arabidopsis_CTRI_462",0
"arabidopsis_CTRI_463",0
"arabidopsis_CTRI_464",0
"arabidopsis_CTRI_465",0
"arabidopsis_CTRI_466",0
"arabidopsis_CTRI_467",0
"arabidopsis_CTRI_471",0
"arabidopsis_CTRI_472",0.968551958673832
"arabidopsis_CTRI_473",0
"arabidopsis_CTRI_474",0
"arabidopsis_CTRI_475",0
"arabidopsis_CTRI_476",0
"arabidopsis_CTRI_477",0
"arabidopsis_CTRI_511",0
"arabidopsis_CTRI_512",0
"arabidopsis_CTRI_513",0
"arabidopsis_CTRI_514",0
"arabidopsis_CTRI_515",0
"arabidopsis_CTRI_516",0
"arabidopsis_CTRI_517",0
"arabidopsis_CTRI_521",0
"arabidopsis_CTRI_522",0
"arabidopsis_CTRI_523",0
"arabidopsis_CTRI_524",0
"arabidopsis_CTRI_525",0
"arabidopsis_CTRI_526",0
"arabidopsis_CTRI_527",0
"arabidopsis_CTRI_531",0
"arabidopsis_CTRI_532",0
"arabidopsis_CTRI_533",0
"arabidopsis_CTRI_534",0
"arabidopsis_CTRI_535",0
"arabidopsis_CTRI_536",0
"arabidopsis_CTRI_537",0
"arabidopsis_CTRI_541",0
"arabidopsis_CTRI_542",0
"arabidopsis_CTRI_543",0
"arabidopsis_CTRI_544",0
"arabidopsis_CTRI_545",0
"arabidopsis_CTRI_546",0
"arabidopsis_CTRI_547",0
"arabidopsis_CTRI_551",0
"arabidopsis_CTRI_552",0
"arabidopsis_CTRI_553",0
"arabidopsis_CTRI_554",0
"arabidopsis_CTRI_555",0
"arabidopsis_CTRI_556",0
"arabidopsis_CTRI_557",0
"arabidopsis_CTRI_561",0
"arabidopsis_CTRI_562",0
"arabidopsis_CTRI_563",0
"arabidopsis_CTRI_564",0
"arabidopsis_CTRI_565",0
"arabidopsis_CTRI_566",0
"arabidopsis_CTRI_567",0
"arabidopsis_CTRI_572",0
"arabidopsis_CTRI_573",0
"arabidopsis_CTRI_574",0
"arabidopsis_CTRI_575",0
"arabidopsis_CTRI_577",0
"arabidopsis_CTRI_611",0
"arabidopsis_CTRI_612",0
"arabidopsis_CTRI_613",0
"arabidopsis_CTRI_614",0
"arabidopsis_CTRI_615",0
"arabidopsis_CTRI_616",0
"arabidopsis_CTRI_617",0
"arabidopsis_CTRI_621",0
"arabidopsis_CTRI_622",0
"arabidopsis_CTRI_623",0
"arabidopsis_CTRI_624",0
"arabidopsis_CTRI_625",0
"arabidopsis_CTRI_626",0
"arabidopsis_CTRI_627",0
"arabidopsis_CTRI_631",0
"arabidopsis_CTRI_632",0
"arabidopsis_CTRI_633",0
"arabidopsis_CTRI_634",0
"arabidopsis_CTRI_635",0
"arabidopsis_CTRI_636",0
"arabidopsis_CTRI_637",0
"arabidopsis_CTRI_641",0
"arabidopsis_CTRI_642",0
"arabidopsis_CTRI_643",0
"arabidopsis_CTRI_644",0
"arabidopsis_CTRI_645",0
"arabidopsis_CTRI_646",0
"arabidopsis_CTRI_647",0
"arabidopsis_CTRI_651",0
"arabidopsis_CTRI_652",0
"arabidopsis_CTRI_653",0
"arabidopsis_CTRI_654",0
"arabidopsis_CTRI_655",0
"arabidopsis_CTRI_656",0
"arabidopsis_CTRI_657",0
"arabidopsis_CTRI_661",0
"arabidopsis_CTRI_662",0
"arabidopsis_CTRI_663",0
"arabidopsis_CTRI_664",0
"arabidopsis_CTRI_665",0
"arabidopsis_CTRI_666",0
"arabidopsis_CTRI_667",0
"arabidopsis_CTRI_671",0
"arabidopsis_CTRI_672",0
"arabidopsis_CTRI_673",0
"arabidopsis_CTRI_674",0
"arabidopsis_CTRI_675",0
"arabidopsis_CTRI_676",0
"arabidopsis_CTRI_711",0
"arabidopsis_CTRI_712",0
"arabidopsis_CTRI_713",0
"arabidopsis_CTRI_714",0
"arabidopsis_CTRI_715",0
"arabidopsis_CTRI_716",0
"arabidopsis_CTRI_717",0
"arabidopsis_CTRI_721",0
"arabidopsis_CTRI_722",0
"arabidopsis_CTRI_723",0
"arabidopsis_CTRI_724",0
"arabidopsis_CTRI_725",0
"arabidopsis_CTRI_726",0
"arabidopsis_CTRI_727",0
"arabidopsis_CTRI_731",0
"arabidopsis_CTRI_732",0
"arabidopsis_CTRI_733",0
"arabidopsis_CTRI_734",0
"arabidopsis_CTRI_735",0
"arabidopsis_CTRI_736",0
"arabidopsis_CTRI_737",0
"arabidopsis_CTRI_741",0
"arabidopsis_CTRI_742",0
"arabidopsis_CTRI_743",0
"arabidopsis_CTRI_744",0
"arabidopsis_CTRI_745",0
"arabidopsis_CTRI_746",0
"arabidopsis_CTRI_747",0
"arabidopsis_CTRI_751",0
"arabidopsis_CTRI_752",0
"arabidopsis_CTRI_753",0
"arabidopsis_CTRI_754",0
"arabidopsis_CTRI_755",0
"arabidopsis_CTRI_756",0
"arabidopsis_CTRI_757",0
"arabidopsis_CTRI_761",0
"arabidopsis_CTRI_762",0
"arabidopsis_CTRI_763",0
"arabidopsis_CTRI_764",0
"arabidopsis_CTRI_765",0
"arabidopsis_CTRI_766",0
"arabidopsis_CTRI_771",0
"arabidopsis_CTRI_772",0
"arabidopsis_CTRI_773",0
"arabidopsis_CTRI_774",0
"arabidopsis_CTRI_775",0
"arabidopsis_CTRI_776",0
"arabidopsis_CTRI_777",0
"arabidopsis_KAAC_AA",4.99231198086879
"arabidopsis_KAAC_AD",1.24472089789937
"arabidopsis_KAAC_AE",1.1981550783424
"arabidopsis_KAAC_AF",1.44633054313967
"arabidopsis_KAAC_AG",0.3064246462935
"arabidopsis_KAAC_AH",0
"arabidopsis_KAAC_AI",0.232837815118986
"arabidopsis_KAAC_AK",0.729464340164284
"arabidopsis_KAAC_AL",0.684931594556084
"arabidopsis_KAAC_AM",0
"arabidopsis_KAAC_AN",0
"arabidopsis_KAAC_AP",0.455884320549875
"arabidopsis_KAAC_AQ",0
"arabidopsis_KAAC_AR",0
"arabidopsis_KAAC_AS",0.863839350194547
"arabidopsis_KAAC_AT",0.196158478027371
"arabidopsis_KAAC_AV",0
"arabidopsis_KAAC_AW",0
"arabidopsis_KAAC_AY",0.4491170540694
"arabidopsis_KAAC_CA",0
"arabidopsis_KAAC_CC",0
"arabidopsis_KAAC_CE",0
"arabidopsis_KAAC_CF",0
"arabidopsis_KAAC_CH",0
"arabidopsis_KAAC_CI",0
"arabidopsis_KAAC_CK",0
"arabidopsis_KAAC_CL",0
"arabidopsis_KAAC_CM",0
"arabidopsis_KAAC_CN",0
"arabidopsis_KAAC_CP",0
"arabidopsis_KAAC_CQ",0
"arabidopsis_KAAC_CR",0
"arabidopsis_KAAC_CS",0
"arabidopsis_KAAC_CT",0
"arabidopsis_KAAC_CV",0.480965499009418
"arabidopsis_KAAC_CW",0
"arabidopsis_KAAC_CY",0
"arabidopsis_KAAC_DA",0.218926872798404
"arabidopsis_KAAC_DC",0
"arabidopsis_KAAC_DD",0
"arabidopsis_KAAC_DE",0.109355324363252
"arabidopsis_KAAC_DF",0
"arabidopsis_KAAC_DG",0
"arabidopsis_KAAC_DH",0
"arabidopsis_KAAC_DI",0.334958115381559
"arabidopsis_KAAC_DK",0
"arabidopsis_KAAC_DL",0
"arabidopsis_KAAC_DM",0
"arabidopsis_KAAC_DN",0
"arabidopsis_KAAC_DP",0.265733438202703
"arabidopsis_KAAC_DQ",0
"arabidopsis_KAAC_DR",0
"arabidopsis_KAAC_DS",0
"arabidopsis_KAAC_DT",0
"arabidopsis_KAAC_DV",0.370521569607255
"arabidopsis_KAAC_DW",0
"arabidopsis_KAAC_DY",0.358777359142025
"arabidopsis_KAAC_EA",0
"arabidopsis_KAAC_EC",0
"arabidopsis_KAAC_ED",0
"arabidopsis_KAAC_EE",0
"arabidopsis_KAAC_EF",0.468941361534182
"arabidopsis_KAAC_EG",0
"arabidopsis_KAAC_EH",0
"arabidopsis_KAAC_EI",0.267203055005232
"arabidopsis_KAAC_EK",0
"arabidopsis_KAAC_EL",0
"arabidopsis_KAAC_EM",0
"arabidopsis_KAAC_EN",0
"arabidopsis_KAAC_EP",0
"arabidopsis_KAAC_EQ",0
"arabidopsis_KAAC_ER",0
"arabidopsis_KAAC_ES",0.617535949345425
"arabidopsis_KAAC_ET",0
"arabidopsis_KAAC_EV",0
"arabidopsis_KAAC_EW",0
"arabidopsis_KAAC_EY",0
"arabidopsis_KAAC_FA",0
"arabidopsis_KAAC_FC",0
"arabidopsis_KAAC_FD",0
"arabidopsis_KAAC_FE",0
"arabidopsis_KAAC_FF",0
"arabidopsis_KAAC_FG",0
"arabidopsis_KAAC_FH",0
"arabidopsis_KAAC_FI",0
"arabidopsis_KAAC_FK",0
"arabidopsis_KAAC_FL",1.02314478880185
"arabidopsis_KAAC_FM",0
"arabidopsis_KAAC_FN",0
"arabidopsis_KAAC_FP",0
"arabidopsis_KAAC_FQ",0
"arabidopsis_KAAC_FR",0.312940514870993
"arabidopsis_KAAC_FS",0
"arabidopsis_KAAC_FT",0
"arabidopsis_KAAC_FV",0
"arabidopsis_KAAC_FW",0
"arabidopsis_KAAC_FY",0
"arabidopsis_KAAC_GA",0
"arabidopsis_KAAC_GC",0
"arabidopsis_KAAC_GD",0
"arabidopsis_KAAC_GE",0
"arabidopsis_KAAC_GF",0
"arabidopsis_KAAC_GG",0
"arabidopsis_KAAC_GH",0
"arabidopsis_KAAC_GI",0
"arabidopsis_KAAC_GK",0.84062081104646
"arabidopsis_KAAC_GL",0
"arabidopsis_KAAC_GM",0
"arabidopsis_KAAC_GN",0
"arabidopsis_KAAC_GP",0
"arabidopsis_KAAC_GQ",0
"arabidopsis_KAAC_GR",0
"arabidopsis_KAAC_GS",0
"arabidopsis_KAAC_GT",0
"arabidopsis_KAAC_GV",0
"arabidopsis_KAAC_GW",0
"arabidopsis_KAAC_GY",0
"arabidopsis_KAAC_HA",0
"arabidopsis_KAAC_HC",0
"arabidopsis_KAAC_HD",0
"arabidopsis_KAAC_HE",0
"arabidopsis_KAAC_HF",0.458520442388979
"arabidopsis_KAAC_HG",0
"arabidopsis_KAAC_HH",0
"arabidopsis_KAAC_HI",0
"arabidopsis_KAAC_HK",0
"arabidopsis_KAAC_HL",0
"arabidopsis_KAAC_HM",0
"arabidopsis_KAAC_HN",0
"arabidopsis_KAAC_HQ",0
"arabidopsis_KAAC_HR",0
"arabidopsis_KAAC_HS",0
"arabidopsis_KAAC_HT",0.613886873281112
"arabidopsis_KAAC_HV",0
"arabidopsis_KAAC_HW",0
"arabidopsis_KAAC_HY",0
"arabidopsis_KAAC_IA",0.7928960219177
"arabidopsis_KAAC_IC",0
"arabidopsis_KAAC_ID",0
"arabidopsis_KAAC_IE",0
"arabidopsis_KAAC_IF",0
"arabidopsis_KAAC_IG",0
"arabidopsis_KAAC_IH",0
"arabidopsis_KAAC_II",0
"arabidopsis_KAAC_IK",0
"arabidopsis_KAAC_IL",0
"arabidopsis_KAAC_IM",0
"arabidopsis_KAAC_IN",0
"arabidopsis_KAAC_IP",0
"arabidopsis_KAAC_IQ",0
"arabidopsis_KAAC_IR",0
"arabidopsis_KAAC_IS",0
"arabidopsis_KAAC_IT",0.417177318721404
"arabidopsis_KAAC_IV",0
"arabidopsis_KAAC_IW",0
"arabidopsis_KAAC_IY",0
"arabidopsis_KAAC_KA",1.44949410332468
"arabidopsis_KAAC_KC",0
"arabidopsis_KAAC_KD",0
"arabidopsis_KAAC_KF",0
"arabidopsis_KAAC_KG",0
"arabidopsis_KAAC_KH",0
"arabidopsis_KAAC_KI",0.669254585103105
"arabidopsis_KAAC_KK",0
"arabidopsis_KAAC_KL",0
"arabidopsis_KAAC_KM",0
"arabidopsis_KAAC_KN",0
"arabidopsis_KAAC_KP",0
"arabidopsis_KAAC_KQ",0
"arabidopsis_KAAC_KR",0
"arabidopsis_KAAC_KS",0
"arabidopsis_KAAC_KT",0
"arabidopsis_KAAC_KV",0
"arabidopsis_KAAC_KW",0
"arabidopsis_KAAC_KY",0
"arabidopsis_KAAC_LA",0
"arabidopsis_KAAC_LC",0
"arabidopsis_KAAC_LD",0
"arabidopsis_KAAC_LE",0.219057752994099
"arabidopsis_KAAC_LF",0
"arabidopsis_KAAC_LG",0
"arabidopsis_KAAC_LH",0
"arabidopsis_KAAC_LI",0
"arabidopsis_KAAC_LK",0
"arabidopsis_KAAC_LL",0
"arabidopsis_KAAC_LM",0
"arabidopsis_KAAC_LN",0
"arabidopsis_KAAC_LP",0
"arabidopsis_KAAC_LQ",0
"arabidopsis_KAAC_LR",0
"arabidopsis_KAAC_LS",0
"arabidopsis_KAAC_LT",0
"arabidopsis_KAAC_LV",0
"arabidopsis_KAAC_LW",0
"arabidopsis_KAAC_LY",0
"arabidopsis_KAAC_MA",0
"arabidopsis_KAAC_MC",0
"arabidopsis_KAAC_MD",0
"arabidopsis_KAAC_ME",0
"arabidopsis_KAAC_MF",0
"arabidopsis_KAAC_MG",0
"arabidopsis_KAAC_MH",0
"arabidopsis_KAAC_MI",0
"arabidopsis_KAAC_MK",0
"arabidopsis_KAAC_ML",0
"arabidopsis_KAAC_MM",0
"arabidopsis_KAAC_MN",0
"arabidopsis_KAAC_MP",0
"arabidopsis_KAAC_MQ",0
"arabidopsis_KAAC_MR",0
"arabidopsis_KAAC_MS",0
"arabidopsis_KAAC_MT",0
"arabidopsis_KAAC_MV",0
"arabidopsis_KAAC_MW",0
"arabidopsis_KAAC_MY",0
"arabidopsis_KAAC_NA",0
"arabidopsis_KAAC_NC",0
"arabidopsis_KAAC_ND",0
"arabidopsis_KAAC_NE",0
"arabidopsis_KAAC_NF",0
"arabidopsis_KAAC_NG",0
"arabidopsis_KAAC_NH",0
"arabidopsis_KAAC_NI",0
"arabidopsis_KAAC_NK",0
"arabidopsis_KAAC_NL",0
"arabidopsis_KAAC_NM",0
"arabidopsis_KAAC_NN",0
"arabidopsis_KAAC_NP",0
"arabidopsis_KAAC_NQ",0
"arabidopsis_KAAC_NR",0
"arabidopsis_KAAC_NS",0
"arabidopsis_KAAC_NT",0
"arabidopsis_KAAC_NV",0
"arabidopsis_KAAC_NW",0
"arabidopsis_KAAC_NY",0
"arabidopsis_KAAC_PA",0
"arabidopsis_KAAC_PC",0
"arabidopsis_KAAC_PD",0
"arabidopsis_KAAC_PE",0
"arabidopsis_KAAC_PF",0
"arabidopsis_KAAC_PG",0
"arabidopsis_KAAC_PH",0
"arabidopsis_KAAC_PI",0
"arabidopsis_KAAC_PK",0
"arabidopsis_KAAC_PL",0.617535949345426
"arabidopsis_KAAC_PM",0
"arabidopsis_KAAC_PN",0
"arabidopsis_KAAC_PP",0
"arabidopsis_KAAC_PQ",0
"arabidopsis_KAAC_PR",0
"arabidopsis_KAAC_PS",0
"arabidopsis_KAAC_PT",0
"arabidopsis_KAAC_PV",0
"arabidopsis_KAAC_PW",0
"arabidopsis_KAAC_PY",0
"arabidopsis_KAAC_QA",0
"arabidopsis_KAAC_QC",0
"arabidopsis_KAAC_QD",0
"arabidopsis_KAAC_QE",0
"arabidopsis_KAAC_QF",0
"arabidopsis_KAAC_QG",0
"arabidopsis_KAAC_QH",0
"arabidopsis_KAAC_QI",0
"arabidopsis_KAAC_QK",0
"arabidopsis_KAAC_QL",0
"arabidopsis_KAAC_QM",0
"arabidopsis_KAAC_QN",0
"arabidopsis_KAAC_QP",0
"arabidopsis_KAAC_QR",0
"arabidopsis_KAAC_QS",0
"arabidopsis_KAAC_QT",0
"arabidopsis_KAAC_QV",0
"arabidopsis_KAAC_QW",0
"arabidopsis_KAAC_QY",0
"arabidopsis_KAAC_RA",0
"arabidopsis_KAAC_RD",0
"arabidopsis_KAAC_RE",0
"arabidopsis_KAAC_RF",0
"arabidopsis_KAAC_RG",0
"arabidopsis_KAAC_RH",0
"arabidopsis_KAAC_RI",0
"arabidopsis_KAAC_RK",0
"arabidopsis_KAAC_RL",0.286348523038962
"arabidopsis_KAAC_RM",0
"arabidopsis_KAAC_RN",0
"arabidopsis_KAAC_RP",0
"arabidopsis_KAAC_RQ",0
"arabidopsis_KAAC_RR",0
"arabidopsis_KAAC_RS",0
"arabidopsis_KAAC_RT",0
"arabidopsis_KAAC_RV",0
"arabidopsis_KAAC_RW",0
"arabidopsis_KAAC_RY",0
"arabidopsis_KAAC_SA",0
"arabidopsis_KAAC_SC",0
"arabidopsis_KAAC_SD",0
"arabidopsis_KAAC_SE",0
"arabidopsis_KAAC_SF",0
"arabidopsis_KAAC_SG",0
"arabidopsis_KAAC_SH",0
"arabidopsis_KAAC_SI",0
"arabidopsis_KAAC_SK",0
"arabidopsis_KAAC_SL",0
"arabidopsis_KAAC_SM",0
"arabidopsis_KAAC_SN",0
"arabidopsis_KAAC_SP",0
"arabidopsis_KAAC_SQ",0
"arabidopsis_KAAC_SR",0
"arabidopsis_KAAC_SS",0
"arabidopsis_KAAC_ST",0
"arabidopsis_KAAC_SV",0
"arabidopsis_KAAC_SW",0
"arabidopsis_KAAC_SY",0
"arabidopsis_KAAC_TA",0
"arabidopsis_KAAC_TC",0
"arabidopsis_KAAC_TD",0
"arabidopsis_KAAC_TE",0
"arabidopsis_KAAC_TF",0
"arabidopsis_KAAC_TG",0
"arabidopsis_KAAC_TH",0
"arabidopsis_KAAC_TI",0
"arabidopsis_KAAC_TK",0
"arabidopsis_KAAC_TL",0
"arabidopsis_KAAC_TM",0
"arabidopsis_KAAC_TN",0
"arabidopsis_KAAC_TP",0
"arabidopsis_KAAC_TQ",0
"arabidopsis_KAAC_TR",0
"arabidopsis_KAAC_TS",0
"arabidopsis_KAAC_TT",0
"arabidopsis_KAAC_TV",0
"arabidopsis_KAAC_TW",0
"arabidopsis_KAAC_TY",0
"arabidopsis_KAAC_VA",0
"arabidopsis_KAAC_VC",0
"arabidopsis_KAAC_VD",1.72881607938869
"arabidopsis_KAAC_VE",0
"arabidopsis_KAAC_VF",0
"arabidopsis_KAAC_VG",0
"arabidopsis_KAAC_VH",0
"arabidopsis_KAAC_VI",0
"arabidopsis_KAAC_VK",0
"arabidopsis_KAAC_VL",0
"arabidopsis_KAAC_VM",0
"arabidopsis_KAAC_VN",0
"arabidopsis_KAAC_VP",0
"arabidopsis_KAAC_VQ",0
"arabidopsis_KAAC_VR",0
"arabidopsis_KAAC_VS",0
"arabidopsis_KAAC_VT",0
"arabidopsis_KAAC_VV",0
"arabidopsis_KAAC_VW",0
"arabidopsis_KAAC_VY",0
"arabidopsis_KAAC_WA",0
"arabidopsis_KAAC_WC",0
"arabidopsis_KAAC_WD",0
"arabidopsis_KAAC_WE",0
"arabidopsis_KAAC_WF",0
"arabidopsis_KAAC_WG",0
"arabidopsis_KAAC_WH",0
"arabidopsis_KAAC_WI",0
"arabidopsis_KAAC_WK",0
"arabidopsis_KAAC_WL",0
"arabidopsis_KAAC_WM",0
"arabidopsis_KAAC_WN",0
"arabidopsis_KAAC_WP",0
"arabidopsis_KAAC_WQ",0
"arabidopsis_KAAC_WR",0
"arabidopsis_KAAC_WS",0
"arabidopsis_KAAC_WT",0
"arabidopsis_KAAC_WV",0
"arabidopsis_KAAC_WW",0
"arabidopsis_KAAC_WY",0
"arabidopsis_KAAC_YA",0
"arabidopsis_KAAC_YC",0
"arabidopsis_KAAC_YD",0
"arabidopsis_KAAC_YE",0
"arabidopsis_KAAC_YF",0
"arabidopsis_KAAC_YG",0
"arabidopsis_KAAC_YH",0
"arabidopsis_KAAC_YI",0
"arabidopsis_KAAC_YK",0
"arabidopsis_KAAC_YL",0
"arabidopsis_KAAC_YM",0
"arabidopsis_KAAC_YN",0
"arabidopsis_KAAC_YP",0
"arabidopsis_KAAC_YQ",0
"arabidopsis_KAAC_YR",0
"arabidopsis_KAAC_YS",0
"arabidopsis_KAAC_YT",0
"arabidopsis_KAAC_YV",0
"arabidopsis_KAAC_YW",0
"arabidopsis_KAAC_YY",0
"arabidopsis_PAAC_A",0
"arabidopsis_PAAC_C",0
"arabidopsis_PAAC_D",0
"arabidopsis_PAAC_E",0
"arabidopsis_PAAC_F",0
"arabidopsis_PAAC_G",1.48650894968428
"arabidopsis_PAAC_H",0
"arabidopsis_PAAC_I",0
"arabidopsis_PAAC_K",0.422592309195702
"arabidopsis_PAAC_L",0
"arabidopsis_PAAC_M",0
"arabidopsis_PAAC_N",0
"arabidopsis_PAAC_P",0
"arabidopsis_PAAC_Q",0.847212462124466
"arabidopsis_PAAC_R",0
"arabidopsis_PAAC_S",0
"arabidopsis_PAAC_T",0
"arabidopsis_PAAC_V",0
"arabidopsis_PAAC_W",0
"arabidopsis_PAAC_Y",0
"arabidopsis_SAAC_C_A",0
"arabidopsis_SAAC_C_C",0
"arabidopsis_SAAC_C_D",0
"arabidopsis_SAAC_C_E",0
"arabidopsis_SAAC_C_F",0
"arabidopsis_SAAC_C_G",0
"arabidopsis_SAAC_C_H",0
"arabidopsis_SAAC_C_I",0
"arabidopsis_SAAC_C_K",0
"arabidopsis_SAAC_C_L",0
"arabidopsis_SAAC_C_M",0
"arabidopsis_SAAC_C_N",0
"arabidopsis_SAAC_C_P",0
"arabidopsis_SAAC_C_Q",0
"arabidopsis_SAAC_C_R",0
"arabidopsis_SAAC_C_S",0
"arabidopsis_SAAC_C_T",0
"arabidopsis_SAAC_C_V",0
"arabidopsis_SAAC_C_W",0
"arabidopsis_SAAC_C_Y",0
"arabidopsis_SAAC_M_A",0
"arabidopsis_SAAC_M_F",0
"arabidopsis_SAAC_M_H",0
"arabidopsis_SAAC_M_M",0
"arabidopsis_SAAC_M_Q",0
"arabidopsis_SAAC_M_V",0
"arabidopsis_SAAC_M_W",0
"arabidopsis_SAAC_M_Y",0
"arabidopsis_SAAC_N_A",0
"arabidopsis_SAAC_N_C",0
"arabidopsis_SAAC_N_D",0
"arabidopsis_SAAC_N_E",0
"arabidopsis_SAAC_N_F",0
"arabidopsis_SAAC_N_G",0
"arabidopsis_SAAC_N_H",0
"arabidopsis_SAAC_N_I",0
"arabidopsis_SAAC_N_K",0
"arabidopsis_SAAC_N_L",0
"arabidopsis_SAAC_N_M",0
"arabidopsis_SAAC_N_N",0
"arabidopsis_SAAC_N_P",0
"arabidopsis_SAAC_N_Q",0
"arabidopsis_SAAC_N_R",0
"arabidopsis_SAAC_N_S",0
"arabidopsis_SAAC_N_T",0
"arabidopsis_SAAC_N_V",0
"arabidopsis_SAAC_N_W",0
"arabidopsis_SAAC_N_Y",0
"Sringae_AC_AC.d.1.BHAR880101",0
"Sringae_AC_AC.d.1.BIGC670101",0
"Sringae_AC_AC.d.1.CHAM820102",0
"Sringae_AC_AC.d.1.CHOC760101",0
"Sringae_AC_AC.d.1.CIDH920105",0
"Sringae_AC_AC.d.1.GRAR740102",0
"Sringae_AC_AC.d.1.KLEP840101",0
"Sringae_AC_AC.d.1.KUHL950101",0
"Sringae_AC_AC.d.10.BHAR880101",0
"Sringae_AC_AC.d.10.BIGC670101",0
"Sringae_AC_AC.d.10.CHAM820102",0
"Sringae_AC_AC.d.10.GRAR740102",0
"Sringae_AC_AC.d.11.BHAR880101",0
"Sringae_AC_AC.d.11.BIGC670101",0
"Sringae_AC_AC.d.11.CHAM820102",0
"Sringae_AC_AC.d.11.CIDH920105",0
"Sringae_AC_AC.d.11.GRAR740102",0
"Sringae_AC_AC.d.11.KLEP840101",0
"Sringae_AC_AC.d.11.KUHL950101",0
"Sringae_AC_AC.d.12.BHAR880101",0
"Sringae_AC_AC.d.12.BIGC670101",0
"Sringae_AC_AC.d.12.CHAM820102",0
"Sringae_AC_AC.d.12.GRAR740102",0
"Sringae_AC_AC.d.12.KLEP840101",0
"Sringae_AC_AC.d.12.KUHL950101",0
"Sringae_AC_AC.d.13.BHAR880101",0
"Sringae_AC_AC.d.13.BIGC670101",0
"Sringae_AC_AC.d.13.CHAM820102",0.226001282697984
"Sringae_AC_AC.d.13.GRAR740102",0
"Sringae_AC_AC.d.13.KLEP840101",0
"Sringae_AC_AC.d.13.KUHL950101",0
"Sringae_AC_AC.d.14.BHAR880101",0
"Sringae_AC_AC.d.14.BIGC670101",0
"Sringae_AC_AC.d.14.CHAM820102",0
"Sringae_AC_AC.d.14.CHOC760101",0
"Sringae_AC_AC.d.14.CIDH920105",0
"Sringae_AC_AC.d.14.GRAR740102",0
"Sringae_AC_AC.d.14.KLEP840101",0
"Sringae_AC_AC.d.14.KUHL950101",0
"Sringae_AC_AC.d.15.BHAR880101",0
"Sringae_AC_AC.d.15.BIGC670101",0
"Sringae_AC_AC.d.15.CHAM820102",0
"Sringae_AC_AC.d.15.CHOC760101",0
"Sringae_AC_AC.d.15.CIDH920105",0
"Sringae_AC_AC.d.15.GRAR740102",0
"Sringae_AC_AC.d.15.KLEP840101",0
"Sringae_AC_AC.d.15.KUHL950101",0
"Sringae_AC_AC.d.16.BHAR880101",0
"Sringae_AC_AC.d.16.BIGC670101",2.63146278570983
"Sringae_AC_AC.d.16.CHAM820102",0
"Sringae_AC_AC.d.16.CIDH920105",0
"Sringae_AC_AC.d.16.GRAR740102",1.42334651759883
"Sringae_AC_AC.d.16.KLEP840101",0
"Sringae_AC_AC.d.16.KUHL950101",0
"Sringae_AC_AC.d.17.BHAR880101",0
"Sringae_AC_AC.d.17.BIGC670101",0
"Sringae_AC_AC.d.17.CHAM820102",0
"Sringae_AC_AC.d.17.CHOC760101",0
"Sringae_AC_AC.d.17.GRAR740102",0
"Sringae_AC_AC.d.17.KLEP840101",0
"Sringae_AC_AC.d.17.KUHL950101",0
"Sringae_AC_AC.d.18.BHAR880101",0
"Sringae_AC_AC.d.18.BIGC670101",0
"Sringae_AC_AC.d.18.CHAM820102",0
"Sringae_AC_AC.d.18.CIDH920105",0
"Sringae_AC_AC.d.18.GRAR740102",0
"Sringae_AC_AC.d.18.KLEP840101",0
"Sringae_AC_AC.d.18.KUHL950101",0
"Sringae_AC_AC.d.19.BHAR880101",0.713023391149908
"Sringae_AC_AC.d.19.BIGC670101",0
"Sringae_AC_AC.d.19.CHAM820102",0
"Sringae_AC_AC.d.19.CIDH920105",0
"Sringae_AC_AC.d.19.GRAR740102",0
"Sringae_AC_AC.d.19.KLEP840101",1.59674024419035
"Sringae_AC_AC.d.19.KUHL950101",0
"Sringae_AC_AC.d.2.BHAR880101",0
"Sringae_AC_AC.d.2.BIGC670101",0
"Sringae_AC_AC.d.2.CHAM820102",0
"Sringae_AC_AC.d.2.CHOC760101",0
"Sringae_AC_AC.d.2.CIDH920105",0
"Sringae_AC_AC.d.2.GRAR740102",0
"Sringae_AC_AC.d.2.KLEP840101",0
"Sringae_AC_AC.d.2.KUHL950101",0
"Sringae_AC_AC.d.20.BHAR880101",0.822776297005586
"Sringae_AC_AC.d.20.BIGC670101",0
"Sringae_AC_AC.d.20.CHAM820102",0
"Sringae_AC_AC.d.20.CIDH920105",0.0734808401264387
"Sringae_AC_AC.d.20.GRAR740102",0
"Sringae_AC_AC.d.20.KLEP840101",0
"Sringae_AC_AC.d.20.KUHL950101",0
"Sringae_AC_AC.d.21.BHAR880101",0
"Sringae_AC_AC.d.21.BIGC670101",0
"Sringae_AC_AC.d.21.CHAM820102",0
"Sringae_AC_AC.d.21.CHOC760101",0
"Sringae_AC_AC.d.21.CIDH920105",0
"Sringae_AC_AC.d.21.GRAR740102",0
"Sringae_AC_AC.d.21.KLEP840101",0
"Sringae_AC_AC.d.21.KUHL950101",0
"Sringae_AC_AC.d.22.BHAR880101",0
"Sringae_AC_AC.d.22.BIGC670101",1.03156573356565
"Sringae_AC_AC.d.22.CHAM820102",0
"Sringae_AC_AC.d.22.CHOC760101",0
"Sringae_AC_AC.d.22.CIDH920105",0
"Sringae_AC_AC.d.22.GRAR740102",0
"Sringae_AC_AC.d.22.KLEP840101",0
"Sringae_AC_AC.d.22.KUHL950101",0
"Sringae_AC_AC.d.23.BHAR880101",0
"Sringae_AC_AC.d.23.BIGC670101",0
"Sringae_AC_AC.d.23.CHAM820102",0
"Sringae_AC_AC.d.23.CHOC760101",0
"Sringae_AC_AC.d.23.CIDH920105",0.146194923660254
"Sringae_AC_AC.d.23.GRAR740102",0
"Sringae_AC_AC.d.23.KLEP840101",0
"Sringae_AC_AC.d.23.KUHL950101",0
"Sringae_AC_AC.d.24.BHAR880101",0
"Sringae_AC_AC.d.24.BIGC670101",0
"Sringae_AC_AC.d.24.CHAM820102",0
"Sringae_AC_AC.d.24.CHOC760101",0
"Sringae_AC_AC.d.24.CIDH920105",0
"Sringae_AC_AC.d.24.GRAR740102",0
"Sringae_AC_AC.d.24.KLEP840101",0
"Sringae_AC_AC.d.24.KUHL950101",0
"Sringae_AC_AC.d.25.BHAR880101",0
"Sringae_AC_AC.d.25.BIGC670101",0
"Sringae_AC_AC.d.25.CHAM820102",0
"Sringae_AC_AC.d.25.CIDH920105",0
"Sringae_AC_AC.d.25.GRAR740102",0
"Sringae_AC_AC.d.25.KLEP840101",0
"Sringae_AC_AC.d.25.KUHL950101",0
"Sringae_AC_AC.d.26.BHAR880101",0
"Sringae_AC_AC.d.26.BIGC670101",0
"Sringae_AC_AC.d.26.CHAM820102",0
"Sringae_AC_AC.d.26.CIDH920105",0
"Sringae_AC_AC.d.26.GRAR740102",0
"Sringae_AC_AC.d.26.KLEP840101",0
"Sringae_AC_AC.d.26.KUHL950101",0
"Sringae_AC_AC.d.27.BHAR880101",0
"Sringae_AC_AC.d.27.BIGC670101",0
"Sringae_AC_AC.d.27.CHAM820102",0
"Sringae_AC_AC.d.27.CIDH920105",0
"Sringae_AC_AC.d.27.GRAR740102",0
"Sringae_AC_AC.d.27.KLEP840101",0
"Sringae_AC_AC.d.27.KUHL950101",0
"Sringae_AC_AC.d.28.BHAR880101",0
"Sringae_AC_AC.d.28.BIGC670101",0
"Sringae_AC_AC.d.28.CHAM820102",0
"Sringae_AC_AC.d.28.CIDH920105",0
"Sringae_AC_AC.d.28.GRAR740102",0
"Sringae_AC_AC.d.28.KLEP840101",0
"Sringae_AC_AC.d.28.KUHL950101",0
"Sringae_AC_AC.d.29.BHAR880101",0
"Sringae_AC_AC.d.29.BIGC670101",0
"Sringae_AC_AC.d.29.CHAM820102",0
"Sringae_AC_AC.d.29.CIDH920105",0.0952769750418659
"Sringae_AC_AC.d.29.GRAR740102",0
"Sringae_AC_AC.d.29.KLEP840101",0
"Sringae_AC_AC.d.29.KUHL950101",0
"Sringae_AC_AC.d.3.BHAR880101",0
"Sringae_AC_AC.d.3.BIGC670101",0
"Sringae_AC_AC.d.3.CHAM820102",0
"Sringae_AC_AC.d.3.CIDH920105",0
"Sringae_AC_AC.d.3.GRAR740102",0
"Sringae_AC_AC.d.3.KLEP840101",0
"Sringae_AC_AC.d.3.KUHL950101",0
"Sringae_AC_AC.d.30.BHAR880101",0
"Sringae_AC_AC.d.30.BIGC670101",0
"Sringae_AC_AC.d.30.CHAM820101",0
"Sringae_AC_AC.d.30.CHAM820102",0
"Sringae_AC_AC.d.30.CHOC760101",0
"Sringae_AC_AC.d.30.CIDH920105",0
"Sringae_AC_AC.d.30.GRAR740102",0
"Sringae_AC_AC.d.30.KLEP840101",0
"Sringae_AC_AC.d.30.KUHL950101",0
"Sringae_AC_AC.d.4.BHAR880101",0
"Sringae_AC_AC.d.4.BIGC670101",0
"Sringae_AC_AC.d.4.CHAM820102",0
"Sringae_AC_AC.d.4.CHOC760101",0
"Sringae_AC_AC.d.4.CIDH920105",0
"Sringae_AC_AC.d.4.GRAR740102",0
"Sringae_AC_AC.d.4.KLEP840101",0
"Sringae_AC_AC.d.4.KUHL950101",0.884491594114542
"Sringae_AC_AC.d.5.BHAR880101",0
"Sringae_AC_AC.d.5.BIGC670101",0
"Sringae_AC_AC.d.5.CHAM820102",0
"Sringae_AC_AC.d.5.CIDH920105",0
"Sringae_AC_AC.d.5.GRAR740102",0
"Sringae_AC_AC.d.5.KLEP840101",0
"Sringae_AC_AC.d.5.KUHL950101",1.64161888233147
"Sringae_AC_AC.d.6.BHAR880101",0
"Sringae_AC_AC.d.6.BIGC670101",0
"Sringae_AC_AC.d.6.CHAM820102",0
"Sringae_AC_AC.d.6.CHOC760101",0
"Sringae_AC_AC.d.6.CIDH920105",0
"Sringae_AC_AC.d.6.GRAR740102",0
"Sringae_AC_AC.d.6.KLEP840101",0
"Sringae_AC_AC.d.6.KUHL950101",0
"Sringae_AC_AC.d.7.BHAR880101",0
"Sringae_AC_AC.d.7.BIGC670101",0
"Sringae_AC_AC.d.7.CHAM820102",0
"Sringae_AC_AC.d.7.CIDH920105",0
"Sringae_AC_AC.d.7.GRAR740102",0
"Sringae_AC_AC.d.7.KLEP840101",0
"Sringae_AC_AC.d.8.BHAR880101",0
"Sringae_AC_AC.d.8.BIGC670101",0
"Sringae_AC_AC.d.8.CHAM820102",0
"Sringae_AC_AC.d.8.CIDH920105",0
"Sringae_AC_AC.d.8.GRAR740102",0
"Sringae_AC_AC.d.8.KLEP840101",0
"Sringae_AC_AC.d.8.KUHL950101",0
"Sringae_AC_AC.d.9.BHAR880101",0
"Sringae_AC_AC.d.9.BIGC670101",0
"Sringae_AC_AC.d.9.CHAM820102",0
"Sringae_AC_AC.d.9.GRAR740102",0
"Sringae_AC_AC.d.9.KLEP840101",0.913838039556806
"Sringae_AC_AC.d.9.KUHL950101",0
"Sringae_CTD_D.P1.G2.25..",0
"Sringae_CTD_D.P1.G2.50..",0
"Sringae_CTD_D.P1.G2.75..",0
"Sringae_CTD_D.P1.G3.50..",1.1393215951114
"Sringae_CTD_D.P1.G3.75..",0
"Sringae_CTD_D.P2.G1.25..",0
"Sringae_CTD_D.P2.G1.50..",0
"Sringae_CTD_D.P2.G1.75..",0
"Sringae_CTD_D.P2.G2.100..",0
"Sringae_CTD_D.P2.G2.25..",0
"Sringae_CTD_D.P2.G2.75..",0
"Sringae_CTD_D.P2.G2.First.",0
"Sringae_CTD_D.P3.G1.100..",0
"Sringae_CTD_D.P3.G1.25..",0
"Sringae_CTD_D.P3.G1.50..",0
"Sringae_CTD_D.P3.G1.75..",0
"Sringae_CTD_D.P3.G2.100..",0
"Sringae_CTD_D.P3.G2.25..",0
"Sringae_CTD_D.P3.G2.50..",0
"Sringae_CTD_D.P3.G2.75..",0
"Sringae_CTD_D.P3.G3.25..",0
"Sringae_CTD_D.P4.G1.100..",0
"Sringae_CTD_D.P4.G1.25..",0
"Sringae_CTD_D.P4.G1.50..",0
"Sringae_CTD_D.P4.G1.75..",0
"Sringae_CTD_D.P4.G1.First.",0
"Sringae_CTD_D.P4.G2.100..",0
"Sringae_CTD_D.P4.G2.25..",0
"Sringae_CTD_D.P4.G2.50..",0.502552042110535
"Sringae_CTD_D.P4.G2.75..",0
"Sringae_CTD_D.P4.G2.First.",0
"Sringae_CTD_D.P4.G3.25..",0
"Sringae_CTD_D.P4.G3.50..",0
"Sringae_CTD_D.P4.G3.75..",0
"Sringae_CTD_D.P5.G1.100..",0
"Sringae_CTD_D.P5.G1.25..",0
"Sringae_CTD_D.P5.G1.50..",1.01685192775355
"Sringae_CTD_D.P5.G1.75..",1.16043717048841
"Sringae_CTD_D.P5.G1.First.",0
"Sringae_CTD_D.P5.G2.100..",0
"Sringae_CTD_D.P5.G2.25..",0
"Sringae_CTD_D.P5.G2.50..",0
"Sringae_CTD_D.P5.G2.75..",0
"Sringae_CTD_D.P5.G2.First.",0
"Sringae_CTD_D.P5.G3.100..",1.16925377363358
"Sringae_CTD_D.P5.G3.25..",0
"Sringae_CTD_D.P5.G3.50..",0
"Sringae_CTD_D.P5.G3.75..",0
"Sringae_CTD_D.P5.G3.First.",0
"Sringae_CTD_D.P6.G1.100..",0
"Sringae_CTD_D.P6.G1.25..",0
"Sringae_CTD_D.P6.G1.50..",0
"Sringae_CTD_D.P6.G1.75..",0
"Sringae_CTD_D.P6.G1.First.",0
"Sringae_CTD_D.P6.G2.100..",0
"Sringae_CTD_D.P6.G2.25..",0.620943044238366
"Sringae_CTD_D.P6.G2.50..",0
"Sringae_CTD_D.P6.G2.75..",0
"Sringae_CTD_D.P6.G2.First.",0
"Sringae_CTD_D.P6.G3.100..",0
"Sringae_CTD_D.P6.G3.25..",0
"Sringae_CTD_D.P6.G3.50..",0
"Sringae_CTD_D.P6.G3.75..",0
"Sringae_CTD_D.P6.G3.First.",0
"Sringae_CTD_D.P7.G1.100..",0
"Sringae_CTD_D.P7.G1.25..",0
"Sringae_CTD_D.P7.G1.50..",0
"Sringae_CTD_D.P7.G1.75..",0
"Sringae_CTD_D.P7.G1.First.",0
"Sringae_CTD_D.P7.G2.100..",0
"Sringae_CTD_D.P7.G2.25..",0
"Sringae_CTD_D.P7.G2.50..",0
"Sringae_CTD_D.P7.G2.75..",0
"Sringae_CTD_D.P7.G2.First.",0
"Sringae_CTD_D.P7.G3.100..",0
"Sringae_CTD_D.P7.G3.25..",0
"Sringae_CTD_D.P7.G3.50..",0
"Sringae_CTD_D.P7.G3.75..",0
"Sringae_CTD_D.P7.G3.First.",0
"Sringae_CTD_T.P5.1.3..",0
"Sringae_CTD_T.P7.1.2..",0
"Sringae_CTD_T.P7.1.3..",0
"Sringae_CTD_T.P7.2.3..",0
"Sringae_CTRI_111",0
"Sringae_CTRI_113",0
"Sringae_CTRI_114",0
"Sringae_CTRI_115",0
"Sringae_CTRI_116",0
"Sringae_CTRI_117",0
"Sringae_CTRI_121",0
"Sringae_CTRI_122",0
"Sringae_CTRI_123",0
"Sringae_CTRI_124",0
"Sringae_CTRI_125",0
"Sringae_CTRI_126",0
"Sringae_CTRI_127",0
"Sringae_CTRI_131",0
"Sringae_CTRI_132",0
"Sringae_CTRI_133",0
"Sringae_CTRI_134",0
"Sringae_CTRI_135",0
"Sringae_CTRI_136",0
"Sringae_CTRI_137",0
"Sringae_CTRI_141",0
"Sringae_CTRI_142",0
"Sringae_CTRI_143",0
"Sringae_CTRI_144",0
"Sringae_CTRI_145",0
"Sringae_CTRI_146",0
"Sringae_CTRI_147",0
"Sringae_CTRI_151",0
"Sringae_CTRI_152",0
"Sringae_CTRI_153",0
"Sringae_CTRI_154",0
"Sringae_CTRI_155",0
"Sringae_CTRI_156",0
"Sringae_CTRI_157",0
"Sringae_CTRI_161",0
"Sringae_CTRI_162",0
"Sringae_CTRI_163",0
"Sringae_CTRI_164",0
"Sringae_CTRI_165",0
"Sringae_CTRI_166",0
"Sringae_CTRI_167",0
"Sringae_CTRI_171",0
"Sringae_CTRI_172",0
"Sringae_CTRI_173",0
"Sringae_CTRI_174",0
"Sringae_CTRI_176",0
"Sringae_CTRI_212",0
"Sringae_CTRI_213",0
"Sringae_CTRI_214",0
"Sringae_CTRI_215",0
"Sringae_CTRI_216",0
"Sringae_CTRI_217",0
"Sringae_CTRI_221",0
"Sringae_CTRI_222",0
"Sringae_CTRI_223",0
"Sringae_CTRI_224",0
"Sringae_CTRI_225",0
"Sringae_CTRI_226",0
"Sringae_CTRI_231",0
"Sringae_CTRI_232",0
"Sringae_CTRI_233",0
"Sringae_CTRI_234",0
"Sringae_CTRI_235",0
"Sringae_CTRI_236",0
"Sringae_CTRI_237",0
"Sringae_CTRI_241",0
"Sringae_CTRI_242",0
"Sringae_CTRI_243",0
"Sringae_CTRI_244",0
"Sringae_CTRI_245",0
"Sringae_CTRI_246",0
"Sringae_CTRI_247",0
"Sringae_CTRI_251",0
"Sringae_CTRI_252",0
"Sringae_CTRI_253",0
"Sringae_CTRI_254",0
"Sringae_CTRI_255",0
"Sringae_CTRI_256",0
"Sringae_CTRI_261",0
"Sringae_CTRI_262",0
"Sringae_CTRI_263",0
"Sringae_CTRI_264",0
"Sringae_CTRI_265",0
"Sringae_CTRI_266",0
"Sringae_CTRI_271",0
"Sringae_CTRI_272",0
"Sringae_CTRI_273",0
"Sringae_CTRI_276",0
"Sringae_CTRI_311",0
"Sringae_CTRI_312",0
"Sringae_CTRI_313",0
"Sringae_CTRI_314",0
"Sringae_CTRI_315",0
"Sringae_CTRI_316",0
"Sringae_CTRI_317",0
"Sringae_CTRI_321",0
"Sringae_CTRI_322",0
"Sringae_CTRI_323",0
"Sringae_CTRI_324",0
"Sringae_CTRI_325",0
"Sringae_CTRI_326",0
"Sringae_CTRI_327",0
"Sringae_CTRI_331",0
"Sringae_CTRI_332",0
"Sringae_CTRI_333",0
"Sringae_CTRI_334",0
"Sringae_CTRI_335",0
"Sringae_CTRI_336",1.17916338847825
"Sringae_CTRI_337",0
"Sringae_CTRI_341",0
"Sringae_CTRI_342",0
"Sringae_CTRI_343",0
"Sringae_CTRI_344",0
"Sringae_CTRI_345",0
"Sringae_CTRI_346",0
"Sringae_CTRI_347",0
"Sringae_CTRI_351",0
"Sringae_CTRI_352",0
"Sringae_CTRI_353",0
"Sringae_CTRI_354",0
"Sringae_CTRI_355",0
"Sringae_CTRI_356",0
"Sringae_CTRI_357",0
"Sringae_CTRI_361",0
"Sringae_CTRI_362",0
"Sringae_CTRI_363",0
"Sringae_CTRI_364",0
"Sringae_CTRI_365",0
"Sringae_CTRI_366",0
"Sringae_CTRI_367",0
"Sringae_CTRI_371",0
"Sringae_CTRI_372",0
"Sringae_CTRI_373",0
"Sringae_CTRI_376",0
"Sringae_CTRI_411",0
"Sringae_CTRI_412",0.680833384153332
"Sringae_CTRI_413",0
"Sringae_CTRI_414",0
"Sringae_CTRI_415",2.00088881240726
"Sringae_CTRI_416",0
"Sringae_CTRI_417",0
"Sringae_CTRI_421",0
"Sringae_CTRI_422",0
"Sringae_CTRI_423",0
"Sringae_CTRI_424",0
"Sringae_CTRI_425",0
"Sringae_CTRI_426",0
"Sringae_CTRI_427",0
"Sringae_CTRI_431",0
"Sringae_CTRI_432",0
"Sringae_CTRI_433",0
"Sringae_CTRI_434",0
"Sringae_CTRI_435",0
"Sringae_CTRI_436",0
"Sringae_CTRI_437",0
"Sringae_CTRI_441",0
"Sringae_CTRI_442",0
"Sringae_CTRI_443",0
"Sringae_CTRI_444",0
"Sringae_CTRI_445",0
"Sringae_CTRI_446",0
"Sringae_CTRI_447",0
"Sringae_CTRI_451",0
"Sringae_CTRI_452",0
"Sringae_CTRI_453",0
"Sringae_CTRI_454",0
"Sringae_CTRI_455",0
"Sringae_CTRI_456",0
"Sringae_CTRI_461",0
"Sringae_CTRI_462",0
"Sringae_CTRI_463",0
"Sringae_CTRI_464",0
"Sringae_CTRI_465",0
"Sringae_CTRI_466",0
"Sringae_CTRI_471",0
"Sringae_CTRI_472",0
"Sringae_CTRI_473",0
"Sringae_CTRI_474",0
"Sringae_CTRI_511",0
"Sringae_CTRI_512",0
"Sringae_CTRI_513",0
"Sringae_CTRI_514",0
"Sringae_CTRI_515",0
"Sringae_CTRI_516",0
"Sringae_CTRI_517",0
"Sringae_CTRI_521",0
"Sringae_CTRI_522",0
"Sringae_CTRI_523",0
"Sringae_CTRI_524",0
"Sringae_CTRI_525",0
"Sringae_CTRI_526",0
"Sringae_CTRI_531",0
"Sringae_CTRI_532",0
"Sringae_CTRI_533",0
"Sringae_CTRI_534",0
"Sringae_CTRI_535",0.826008464082372
"Sringae_CTRI_536",0
"Sringae_CTRI_537",0
"Sringae_CTRI_541",0
"Sringae_CTRI_542",0
"Sringae_CTRI_543",0
"Sringae_CTRI_544",0
"Sringae_CTRI_545",0
"Sringae_CTRI_546",0
"Sringae_CTRI_551",0
"Sringae_CTRI_552",0
"Sringae_CTRI_553",0
"Sringae_CTRI_554",0
"Sringae_CTRI_555",0
"Sringae_CTRI_556",0
"Sringae_CTRI_557",0
"Sringae_CTRI_561",0
"Sringae_CTRI_562",0
"Sringae_CTRI_563",0
"Sringae_CTRI_564",0
"Sringae_CTRI_565",0
"Sringae_CTRI_566",0
"Sringae_CTRI_571",0
"Sringae_CTRI_572",0
"Sringae_CTRI_611",0
"Sringae_CTRI_612",0
"Sringae_CTRI_613",0
"Sringae_CTRI_614",0
"Sringae_CTRI_615",0
"Sringae_CTRI_616",0
"Sringae_CTRI_617",0
"Sringae_CTRI_621",0
"Sringae_CTRI_622",0
"Sringae_CTRI_623",0
"Sringae_CTRI_624",0
"Sringae_CTRI_625",0
"Sringae_CTRI_626",0
"Sringae_CTRI_627",0
"Sringae_CTRI_631",0
"Sringae_CTRI_632",0
"Sringae_CTRI_633",0
"Sringae_CTRI_634",0
"Sringae_CTRI_635",0
"Sringae_CTRI_636",0
"Sringae_CTRI_637",0
"Sringae_CTRI_641",0
"Sringae_CTRI_642",0
"Sringae_CTRI_643",0
"Sringae_CTRI_644",0
"Sringae_CTRI_645",0
"Sringae_CTRI_646",0
"Sringae_CTRI_651",0
"Sringae_CTRI_652",0
"Sringae_CTRI_653",0
"Sringae_CTRI_654",0
"Sringae_CTRI_655",0
"Sringae_CTRI_656",0
"Sringae_CTRI_661",0
"Sringae_CTRI_662",0
"Sringae_CTRI_663",0
"Sringae_CTRI_664",0
"Sringae_CTRI_665",0
"Sringae_CTRI_666",0
"Sringae_CTRI_667",0
"Sringae_CTRI_671",0
"Sringae_CTRI_672",0
"Sringae_CTRI_675",0
"Sringae_CTRI_711",0
"Sringae_CTRI_712",0
"Sringae_CTRI_713",0
"Sringae_CTRI_714",0
"Sringae_CTRI_715",0
"Sringae_CTRI_716",0
"Sringae_CTRI_721",0
"Sringae_CTRI_722",0
"Sringae_CTRI_723",0
"Sringae_CTRI_724",0
"Sringae_CTRI_725",0
"Sringae_CTRI_726",0
"Sringae_CTRI_732",0
"Sringae_CTRI_733",0
"Sringae_CTRI_734",0
"Sringae_CTRI_736",0
"Sringae_CTRI_737",0
"Sringae_CTRI_741",0
"Sringae_CTRI_742",0
"Sringae_CTRI_743",0
"Sringae_CTRI_744",0
"Sringae_CTRI_747",0
"Sringae_CTRI_751",0
"Sringae_CTRI_752",0
"Sringae_CTRI_753",0
"Sringae_CTRI_754",0
"Sringae_CTRI_755",0
"Sringae_CTRI_761",0
"Sringae_CTRI_763",0
"Sringae_CTRI_765",0
"Sringae_KAAC_AA",6.3837036532875
"Sringae_KAAC_AC",1.14655841261801
"Sringae_KAAC_AD",1.89226162285846
"Sringae_KAAC_AE",1.70698925192231
"Sringae_KAAC_AF",0.110524900024892
"Sringae_KAAC_AG",0.691947113428042
"Sringae_KAAC_AH",0.416836765808162
"Sringae_KAAC_AI",1.02404703288369
"Sringae_KAAC_AK",0
"Sringae_KAAC_AM",0
"Sringae_KAAC_AN",0
"Sringae_KAAC_AP",0.333012098734462
"Sringae_KAAC_AQ",0.158794958403109
"Sringae_KAAC_AR",0
"Sringae_KAAC_AS",0
"Sringae_KAAC_AT",0.296014514849275
"Sringae_KAAC_AV",0
"Sringae_KAAC_AW",0
"Sringae_KAAC_AY",0
"Sringae_KAAC_CA",0.131577261934395
"Sringae_KAAC_CD",0
"Sringae_KAAC_CF",0.336508847397214
"Sringae_KAAC_CG",0.555782354410883
"Sringae_KAAC_CI",0
"Sringae_KAAC_CL",0.328533803354413
"Sringae_KAAC_CN",0
"Sringae_KAAC_CP",0
"Sringae_KAAC_CR",0
"Sringae_KAAC_CS",0.668929027357926
"Sringae_KAAC_CV",0
"Sringae_KAAC_CY",0
"Sringae_KAAC_DA",0
"Sringae_KAAC_DC",0
"Sringae_KAAC_DD",0.220901232330602
"Sringae_KAAC_DE",0.653861593424568
"Sringae_KAAC_DF",0
"Sringae_KAAC_DG",0
"Sringae_KAAC_DH",0
"Sringae_KAAC_DI",0
"Sringae_KAAC_DK",0.762813803127459
"Sringae_KAAC_DL",0.131226389235903
"Sringae_KAAC_DM",0.361837470319585
"Sringae_KAAC_DN",0
"Sringae_KAAC_DP",0
"Sringae_KAAC_DQ",0
"Sringae_KAAC_DR",0
"Sringae_KAAC_DS",0
"Sringae_KAAC_DT",0
"Sringae_KAAC_DV",0
"Sringae_KAAC_DW",0
"Sringae_KAAC_DY",0
"Sringae_KAAC_EA",0
"Sringae_KAAC_ED",0
"Sringae_KAAC_EE",0
"Sringae_KAAC_EF",0
"Sringae_KAAC_EG",0
"Sringae_KAAC_EH",0
"Sringae_KAAC_EI",0
"Sringae_KAAC_EK",0.128729001205462
"Sringae_KAAC_EL",0
"Sringae_KAAC_EM",0
"Sringae_KAAC_EN",0
"Sringae_KAAC_EP",0
"Sringae_KAAC_EQ",0
"Sringae_KAAC_ER",0
"Sringae_KAAC_ES",0
"Sringae_KAAC_ET",0
"Sringae_KAAC_EV",0
"Sringae_KAAC_EW",0
"Sringae_KAAC_EY",0
"Sringae_KAAC_FA",0
"Sringae_KAAC_FC",0
"Sringae_KAAC_FD",0
"Sringae_KAAC_FE",0
"Sringae_KAAC_FF",0
"Sringae_KAAC_FG",0
"Sringae_KAAC_FH",0
"Sringae_KAAC_FI",0
"Sringae_KAAC_FK",0
"Sringae_KAAC_FL",0
"Sringae_KAAC_FM",0
"Sringae_KAAC_FN",0
"Sringae_KAAC_FP",0
"Sringae_KAAC_FQ",0
"Sringae_KAAC_FR",0
"Sringae_KAAC_FS",0
"Sringae_KAAC_FT",0
"Sringae_KAAC_FV",0
"Sringae_KAAC_FW",0
"Sringae_KAAC_FY",0
"Sringae_KAAC_GA",0
"Sringae_KAAC_GC",0
"Sringae_KAAC_GD",0
"Sringae_KAAC_GE",0
"Sringae_KAAC_GF",0
"Sringae_KAAC_GG",0
"Sringae_KAAC_GH",0
"Sringae_KAAC_GI",0
"Sringae_KAAC_GK",0
"Sringae_KAAC_GL",0
"Sringae_KAAC_GM",0
"Sringae_KAAC_GN",0
"Sringae_KAAC_GP",0
"Sringae_KAAC_GQ",0
"Sringae_KAAC_GR",0
"Sringae_KAAC_GS",0
"Sringae_KAAC_GT",0
"Sringae_KAAC_GV",0
"Sringae_KAAC_GW",0
"Sringae_KAAC_GY",0
"Sringae_KAAC_HA",0.155073201565537
"Sringae_KAAC_HC",0
"Sringae_KAAC_HD",0
"Sringae_KAAC_HE",0
"Sringae_KAAC_HF",0
"Sringae_KAAC_HG",0
"Sringae_KAAC_HH",0
"Sringae_KAAC_HI",0
"Sringae_KAAC_HK",0
"Sringae_KAAC_HL",0
"Sringae_KAAC_HM",0
"Sringae_KAAC_HN",0
"Sringae_KAAC_HP",0
"Sringae_KAAC_HQ",0
"Sringae_KAAC_HR",0
"Sringae_KAAC_HS",0
"Sringae_KAAC_HT",0
"Sringae_KAAC_HV",0
"Sringae_KAAC_HW",0
"Sringae_KAAC_HY",0
"Sringae_KAAC_IA",0
"Sringae_KAAC_IC",0
"Sringae_KAAC_ID",0
"Sringae_KAAC_IE",0
"Sringae_KAAC_IF",0
"Sringae_KAAC_IG",0
"Sringae_KAAC_IH",0
"Sringae_KAAC_II",0
"Sringae_KAAC_IK",0
"Sringae_KAAC_IL",0
"Sringae_KAAC_IM",0
"Sringae_KAAC_IN",0
"Sringae_KAAC_IP",0
"Sringae_KAAC_IQ",0
"Sringae_KAAC_IR",0
"Sringae_KAAC_IS",0
"Sringae_KAAC_IT",0
"Sringae_KAAC_IV",0
"Sringae_KAAC_IW",0
"Sringae_KAAC_IY",0
"Sringae_KAAC_KA",0
"Sringae_KAAC_KD",0
"Sringae_KAAC_KE",0
"Sringae_KAAC_KF",0
"Sringae_KAAC_KG",0
"Sringae_KAAC_KH",0
"Sringae_KAAC_KI",0
"Sringae_KAAC_KK",0
"Sringae_KAAC_KL",0
"Sringae_KAAC_KM",0
"Sringae_KAAC_KN",0
"Sringae_KAAC_KP",0
"Sringae_KAAC_KQ",0
"Sringae_KAAC_KR",0
"Sringae_KAAC_KS",0
"Sringae_KAAC_KT",0
"Sringae_KAAC_KV",0
"Sringae_KAAC_KW",0
"Sringae_KAAC_KY",0
"Sringae_KAAC_LA",0
"Sringae_KAAC_LC",0
"Sringae_KAAC_LD",0
"Sringae_KAAC_LE",0
"Sringae_KAAC_LF",0
"Sringae_KAAC_LG",0
"Sringae_KAAC_LH",0
"Sringae_KAAC_LI",0
"Sringae_KAAC_LK",0
"Sringae_KAAC_LL",0
"Sringae_KAAC_LM",0
"Sringae_KAAC_LN",0
"Sringae_KAAC_LP",0
"Sringae_KAAC_LQ",1.23787888027878
"Sringae_KAAC_LR",0
"Sringae_KAAC_LS",0
"Sringae_KAAC_LT",0
"Sringae_KAAC_LV",0
"Sringae_KAAC_LW",0
"Sringae_KAAC_LY",0
"Sringae_KAAC_MA",0
"Sringae_KAAC_MC",0
"Sringae_KAAC_MD",0
"Sringae_KAAC_ME",0
"Sringae_KAAC_MF",0
"Sringae_KAAC_MG",0
"Sringae_KAAC_MH",0
"Sringae_KAAC_MI",0
"Sringae_KAAC_MK",0
"Sringae_KAAC_ML",0
"Sringae_KAAC_MN",0
"Sringae_KAAC_MP",0
"Sringae_KAAC_MQ",0
"Sringae_KAAC_MR",0
"Sringae_KAAC_MS",0
"Sringae_KAAC_MT",0
"Sringae_KAAC_MV",0
"Sringae_KAAC_MW",0
"Sringae_KAAC_NA",0
"Sringae_KAAC_NC",0
"Sringae_KAAC_ND",0
"Sringae_KAAC_NE",0
"Sringae_KAAC_NF",0
"Sringae_KAAC_NG",0
"Sringae_KAAC_NH",0
"Sringae_KAAC_NI",0
"Sringae_KAAC_NK",0
"Sringae_KAAC_NL",0
"Sringae_KAAC_NM",0
"Sringae_KAAC_NN",0
"Sringae_KAAC_NP",0
"Sringae_KAAC_NQ",0
"Sringae_KAAC_NR",0
"Sringae_KAAC_NS",0
"Sringae_KAAC_NT",0
"Sringae_KAAC_NV",0
"Sringae_KAAC_NW",0
"Sringae_KAAC_NY",0
"Sringae_KAAC_PA",0
"Sringae_KAAC_PC",0
"Sringae_KAAC_PD",0
"Sringae_KAAC_PE",0
"Sringae_KAAC_PF",0
"Sringae_KAAC_PG",0
"Sringae_KAAC_PH",0
"Sringae_KAAC_PI",0
"Sringae_KAAC_PK",0
"Sringae_KAAC_PL",0
"Sringae_KAAC_PM",0
"Sringae_KAAC_PN",0
"Sringae_KAAC_PP",0
"Sringae_KAAC_PQ",0
"Sringae_KAAC_PR",0.128569781661609
"Sringae_KAAC_PS",0
"Sringae_KAAC_PT",0
"Sringae_KAAC_PV",0
"Sringae_KAAC_PW",0
"Sringae_KAAC_PY",0
"Sringae_KAAC_QA",0
"Sringae_KAAC_QC",0
"Sringae_KAAC_QD",0
"Sringae_KAAC_QE",0
"Sringae_KAAC_QF",0
"Sringae_KAAC_QG",0
"Sringae_KAAC_QH",1.0544487356412
"Sringae_KAAC_QI",0.398090138774462
"Sringae_KAAC_QK",0
"Sringae_KAAC_QL",0
"Sringae_KAAC_QM",0
"Sringae_KAAC_QN",0
"Sringae_KAAC_QP",0
"Sringae_KAAC_QQ",0
"Sringae_KAAC_QR",0.228528928622896
"Sringae_KAAC_QS",0
"Sringae_KAAC_QT",0
"Sringae_KAAC_QV",0
"Sringae_KAAC_QW",0
"Sringae_KAAC_QY",0
"Sringae_KAAC_RA",0
"Sringae_KAAC_RC",0
"Sringae_KAAC_RD",0
"Sringae_KAAC_RE",0
"Sringae_KAAC_RF",0
"Sringae_KAAC_RG",0
"Sringae_KAAC_RH",0
"Sringae_KAAC_RI",0
"Sringae_KAAC_RK",0
"Sringae_KAAC_RL",0
"Sringae_KAAC_RM",0
"Sringae_KAAC_RN",0
"Sringae_KAAC_RP",0
"Sringae_KAAC_RQ",0
"Sringae_KAAC_RR",0
"Sringae_KAAC_RS",0
"Sringae_KAAC_RT",0
"Sringae_KAAC_RV",0
"Sringae_KAAC_RW",0
"Sringae_KAAC_RY",0
"Sringae_KAAC_SA",0
"Sringae_KAAC_SC",0
"Sringae_KAAC_SD",0
"Sringae_KAAC_SE",0
"Sringae_KAAC_SF",0
"Sringae_KAAC_SG",0.0357861234382008
"Sringae_KAAC_SH",0
"Sringae_KAAC_SI",0
"Sringae_KAAC_SK",0
"Sringae_KAAC_SL",0
"Sringae_KAAC_SM",0
"Sringae_KAAC_SN",0
"Sringae_KAAC_SP",0
"Sringae_KAAC_SQ",0
"Sringae_KAAC_SR",0
"Sringae_KAAC_SS",0
"Sringae_KAAC_ST",0
"Sringae_KAAC_SV",0
"Sringae_KAAC_SW",0
"Sringae_KAAC_SY",0
"Sringae_KAAC_TA",0
"Sringae_KAAC_TC",0
"Sringae_KAAC_TD",0
"Sringae_KAAC_TE",0
"Sringae_KAAC_TF",0
"Sringae_KAAC_TG",0
"Sringae_KAAC_TH",0
"Sringae_KAAC_TI",0
"Sringae_KAAC_TK",0
"Sringae_KAAC_TL",0
"Sringae_KAAC_TM",0
"Sringae_KAAC_TN",0
"Sringae_KAAC_TP",0
"Sringae_KAAC_TQ",0
"Sringae_KAAC_TR",1.07186596922099
"Sringae_KAAC_TS",0
"Sringae_KAAC_TT",0
"Sringae_KAAC_TV",0
"Sringae_KAAC_TW",0
"Sringae_KAAC_TY",0
"Sringae_KAAC_VA",0
"Sringae_KAAC_VC",0
"Sringae_KAAC_VD",0
"Sringae_KAAC_VE",0
"Sringae_KAAC_VF",0
"Sringae_KAAC_VG",0
"Sringae_KAAC_VH",0
"Sringae_KAAC_VI",0
"Sringae_KAAC_VK",0
"Sringae_KAAC_VL",0
"Sringae_KAAC_VM",0
"Sringae_KAAC_VN",0
"Sringae_KAAC_VP",0
"Sringae_KAAC_VQ",0
"Sringae_KAAC_VR",0
"Sringae_KAAC_VS",0
"Sringae_KAAC_VT",0
"Sringae_KAAC_VV",0
"Sringae_KAAC_VW",0
"Sringae_KAAC_VY",0
"Sringae_KAAC_WA",0
"Sringae_KAAC_WD",0
"Sringae_KAAC_WE",0
"Sringae_KAAC_WG",0
"Sringae_KAAC_WH",0
"Sringae_KAAC_WI",0
"Sringae_KAAC_WK",0
"Sringae_KAAC_WL",0
"Sringae_KAAC_WM",0
"Sringae_KAAC_WN",0
"Sringae_KAAC_WP",0
"Sringae_KAAC_WQ",0
"Sringae_KAAC_WR",0
"Sringae_KAAC_WS",0
"Sringae_KAAC_WT",0
"Sringae_KAAC_WV",0
"Sringae_KAAC_WW",0
"Sringae_KAAC_WY",0
"Sringae_KAAC_YA",0
"Sringae_KAAC_YC",0
"Sringae_KAAC_YD",0
"Sringae_KAAC_YE",0
"Sringae_KAAC_YF",0
"Sringae_KAAC_YG",0
"Sringae_KAAC_YH",0
"Sringae_KAAC_YI",0
"Sringae_KAAC_YK",0
"Sringae_KAAC_YL",0
"Sringae_KAAC_YM",0
"Sringae_KAAC_YN",0
"Sringae_KAAC_YP",0
"Sringae_KAAC_YQ",0
"Sringae_KAAC_YR",0
"Sringae_KAAC_YS",0
"Sringae_KAAC_YT",0
"Sringae_KAAC_YV",0
"Sringae_KAAC_YW",0
"Sringae_KAAC_YY",0
"Sringae_PAAC_A",0
"Sringae_PAAC_C",0
"Sringae_PAAC_D",0
"Sringae_PAAC_E",0.835989291426369
"Sringae_PAAC_F",0
"Sringae_PAAC_G",0.206764268754049
"Sringae_PAAC_H",0
"Sringae_PAAC_I",0.283680576730555
"Sringae_PAAC_K",0
"Sringae_PAAC_L",0
"Sringae_PAAC_N",0
"Sringae_PAAC_P",2.00030216494604
"Sringae_PAAC_Q",0
"Sringae_PAAC_R",0
"Sringae_PAAC_S",0.124178424596634
"Sringae_PAAC_T",0
"Sringae_PAAC_V",0.252628342914038
"Sringae_PAAC_W",0
"Sringae_PAAC_Y",0.620292806262146
"Sringae_SAAC_C_A",0
"Sringae_SAAC_C_D",0
"Sringae_SAAC_C_E",0
"Sringae_SAAC_C_F",0
"Sringae_SAAC_C_G",0
"Sringae_SAAC_C_H",0
"Sringae_SAAC_C_I",0
"Sringae_SAAC_C_K",0
"Sringae_SAAC_C_L",0
"Sringae_SAAC_C_N",0
"Sringae_SAAC_C_P",0
"Sringae_SAAC_C_Q",0
"Sringae_SAAC_C_R",0
"Sringae_SAAC_C_S",0
"Sringae_SAAC_C_T",0
"Sringae_SAAC_C_V",0
"Sringae_SAAC_C_W",0
"Sringae_SAAC_C_Y",0
"Sringae_SAAC_M_C",0
"Sringae_SAAC_M_H",0
"Sringae_SAAC_M_K",0
"Sringae_SAAC_M_M",0
"Sringae_SAAC_M_N",0
"Sringae_SAAC_M_Q",0
"Sringae_SAAC_M_R",0
"Sringae_SAAC_M_W",0
"Sringae_SAAC_M_Y",0
"Sringae_SAAC_N_A",0
"Sringae_SAAC_N_C",0
"Sringae_SAAC_N_E",0
"Sringae_SAAC_N_F",0
"Sringae_SAAC_N_G",0
"Sringae_SAAC_N_H",0
"Sringae_SAAC_N_I",0
"Sringae_SAAC_N_K",0
"Sringae_SAAC_N_L",0
"Sringae_SAAC_N_M",0
"Sringae_SAAC_N_N",0
"Sringae_SAAC_N_P",0
"Sringae_SAAC_N_Q",0
"Sringae_SAAC_N_R",0
"Sringae_SAAC_N_S",0
"Sringae_SAAC_N_T",0
"Sringae_SAAC_N_V",0
"Sringae_SAAC_N_W",0
